<application>
  <component name="GeneralSettings">
    <option name="autoSaveIfInactive" value="true" />
    <option name="confirmExit" value="false" />
    <option name="confirmOpenNewProject2" value="0" />
    <option name="defaultProjectDirectory" value="$USER_HOME$/me/projects/C#" />
    <option name="processCloseConfirmation" value="TERMINATE" />
    <option name="reopenLastProject" value="false" />
  </component>
  <component name="Registry">
    <entry key="rdclient.asyncActions" value="false" />
    <entry key="ide.balloon.shadow.size" value="0" />
    <entry key="rider.enable.designer.winForms" value="true" />
    <entry key="ide.experimental.ui" value="false" />
  </component>
</application>