<application>
  <component name="FeatureSuggesterSettings">
    <option name="workingDays">
      <list>
        <option value="1650902403678" />
        <option value="1651028548076" />
        <option value="1651075224842" />
        <option value="1651317935813" />
        <option value="1652065121847" />
        <option value="1652184351975" />
        <option value="1652199245370" />
        <option value="1652286501206" />
        <option value="1652414472532" />
        <option value="1652677976666" />
        <option value="1652785531912" />
        <option value="1652938323329" />
        <option value="1653137495924" />
        <option value="1653154052719" />
        <option value="1653238888737" />
        <option value="1653373291072" />
        <option value="1653413809499" />
        <option value="1653527689529" />
        <option value="1654071419115" />
        <option value="1654150110353" />
        <option value="1654512958160" />
        <option value="1654703193023" />
        <option value="1654830698832" />
        <option value="1654936726547" />
        <option value="1655083702314" />
        <option value="1655178866384" />
        <option value="1655435876994" />
        <option value="1655733448854" />
        <option value="1656677769577" />
        <option value="1657429991142" />
      </list>
    </option>
  </component>
</application>