<application>
  <component name="CodeFoldingSettings">
    <option name="COLLAPSE_IMPORTS" value="false" />
    <option name="COLLAPSE_FILE_HEADER" value="false" />
  </component>
  <component name="CodeInsightSettings">
    <option name="AUTO_POPUP_JAVADOC_INFO" value="true" />
    <option name="SHOW_FULL_SIGNATURES_IN_PARAMETER_INFO" value="true" />
    <option name="HIGHLIGHT_SCOPE" value="true" />
  </component>
  <component name="DaemonCodeAnalyzerSettings">
    <option name="SHOW_METHOD_SEPARATORS" value="true" />
  </component>
  <component name="EditorSettings">
    <option name="languageBreadcrumbsMap">
      <map>
        <entry key="CSS" value="true" />
        <entry key="HTML" value="true" />
        <entry key="JSON" value="true" />
        <entry key="JavaScript" value="true" />
        <entry key="LESS" value="true" />
        <entry key="Markdown" value="true" />
        <entry key="ObjectiveC" value="true" />
        <entry key="Python" value="true" />
        <entry key="SASS" value="true" />
        <entry key="SCSS" value="true" />
        <entry key="SQL" value="true" />
        <entry key="Stylus" value="true" />
        <entry key="TypeScript" value="true" />
        <entry key="XHTML" value="true" />
        <entry key="XML" value="true" />
        <entry key="yaml" value="true" />
      </map>
    </option>
    <option name="USE_SOFT_WRAPS" value="CONSOLE" />
    <option name="USE_CUSTOM_SOFT_WRAP_INDENT" value="false" />
    <option name="REMOVE_TRAILING_BLANK_LINES" value="true" />
    <option name="USE_EDITOR_FONT_IN_INLAYS" value="true" />
    <option name="IS_WHITESPACES_SHOWN" value="true" />
    <option name="IS_ALL_SOFTWRAPS_SHOWN" value="true" />
    <option name="IS_DND_ENABLED" value="false" />
    <option name="IS_MOUSE_CLICK_SELECTION_HONORS_CAMEL_WORDS" value="false" />
  </component>
  <component name="JSEditorOptions">
    <option name="START_STRING_INTERPOLATION_ON_TYPING" value="true" />
  </component>
  <component name="JsonEditorOptions">
    <option name="COLON_MOVE_OUTSIDE_QUOTES" value="true" />
    <option name="COMMA_MOVE_OUTSIDE_QUOTES" value="true" />
  </component>
  <component name="OCCodeFoldingSettings">
    <option name="collapseConditionallyNotCompiled" value="false" />
    <option name="collapseNewLineBeforeLBrace" value="false" />
    <option name="COLLAPSE_CONDITIONALLY_NOT_COMPILED" value="false" />
    <option name="COLLAPSE_NEW_LINE_BEFORE_LBRACE" value="false" />
  </component>
  <component name="SqlCodeCompletionSettings" AUTO_ALIAS_TABLE="true" INVERT_ON_ORDER="true">
    <option name="autoAliasTable" value="true" />
    <option name="invertOrderInOnClause" value="true" />
  </component>
  <component name="SqlEditorTabsSettings" ALWAYS_QUALIFY_TAB_NAMES="true">
    <option name="alwaysQualifyTabNames" value="true" />
  </component>
  <component name="XmlEditorOptions">
    <option name="showCssInlineColorPreview" value="true" />
  </component>
  <component name="XmlFoldingSettings">
    <option name="COLLAPSE_HTML_STYLE_ATTRIBUTE" value="false" />
    <option name="COLLAPSE_ENTITIES" value="false" />
    <option name="COLLAPSE_DATA_URI" value="false" />
  </component>
</application>