<application>
  <component name="FeatureSuggesterSettings">
    <option name="workingDays">
      <list>
        <option value="1653154622178" />
        <option value="1654241542993" />
        <option value="1655436072090" />
        <option value="1655721689626" />
        <option value="1656678936630" />
        <option value="1656727394877" />
        <option value="1656779178379" />
        <option value="1656907452592" />
        <option value="1657002680117" />
        <option value="1657078774977" />
        <option value="1657192844277" />
        <option value="1657252784865" />
        <option value="1657296484831" />
        <option value="1657430020451" />
      </list>
    </option>
  </component>
</application>