<code_scheme name="Default" version="173">
  <option name="ENABLE_SECOND_REFORMAT" value="true" />
  <codeStyleSettings language="Groovy">
    <option name="LINE_COMMENT_AT_FIRST_COLUMN" value="false" />
    <option name="BLOCK_COMMENT_AT_FIRST_COLUMN" value="false" />
  </codeStyleSettings>
  <codeStyleSettings language="HTML">
    <option name="LINE_COMMENT_AT_FIRST_COLUMN" value="false" />
    <option name="BLOCK_COMMENT_AT_FIRST_COLUMN" value="false" />
  </codeStyleSettings>
  <codeStyleSettings language="JAVA">
    <option name="LINE_COMMENT_AT_FIRST_COLUMN" value="false" />
    <option name="BLOCK_COMMENT_AT_FIRST_COLUMN" value="false" />
  </codeStyleSettings>
  <codeStyleSettings language="JavaScript">
    <option name="BLOCK_COMMENT_AT_FIRST_COLUMN" value="false" />
    <option name="LINE_COMMENT_ADD_SPACE" value="false" />
  </codeStyleSettings>
  <codeStyleSettings language="TypeScript">
    <option name="BLOCK_COMMENT_AT_FIRST_COLUMN" value="false" />
    <option name="LINE_COMMENT_ADD_SPACE" value="false" />
  </codeStyleSettings>
  <codeStyleSettings language="XML">
    <option name="LINE_COMMENT_AT_FIRST_COLUMN" value="false" />
    <option name="BLOCK_COMMENT_AT_FIRST_COLUMN" value="false" />
  </codeStyleSettings>
  <codeStyleSettings language="kotlin">
    <option name="LINE_COMMENT_AT_FIRST_COLUMN" value="false" />
    <option name="BLOCK_COMMENT_AT_FIRST_COLUMN" value="false" />
  </codeStyleSettings>
</code_scheme>